,player,team,pos,targets,rec,rec_yds,rec_yds_per_rec,rec_td,rec_first_down,rec_per_g,rec_yds_per_g,catch_pct,rec_yds_per_tgt,rush_att,rush_yds,rush_td,rush_first_down,rush_yds_per_att,rush_yds_per_g,rush_att_per_g,touches,yds_per_touch,yds_from_scrimmage,rush_receive_td,fumbles
0,Christian McCaffrey,CAR,RB,142,116,1005,8.7,4,58,7.3,62.8,81.7%,7.1,287,1387,15,57,4.8,86.7,17.9,403,5.9,2392,19,1
1,Ezekiel Elliott,DAL,RB,71,54,420,7.8,2,21,3.4,26.3,76.1%,5.9,301,1357,12,78,4.5,84.8,18.8,355,5.0,1777,14,3
2,Nick Chubb,CLE,RB,49,36,278,7.7,0,13,2.3,17.4,73.5%,5.7,298,1494,8,62,5.0,93.4,18.6,334,5.3,1772,8,3
3,Derrick Henry,TEN,RB,24,18,206,11.4,2,4,1.2,13.7,75.0%,8.6,303,1540,16,73,5.1,102.7,20.2,321,5.4,1746,18,5
4,Michael Thomas,NOR,WR,185,149,1725,11.6,9,91,9.3,107.8,80.5%,9.3,1,-9,0,0,-9.0,-0.6,0.1,150,11.4,1716,9,1
5,Leonard Fournette,JAX,RB,100,76,522,6.9,0,23,5.1,34.8,76.0%,5.2,265,1152,3,55,4.3,76.8,17.7,341,4.9,1674,3,1
6,Dalvin Cook,MIN,RB,63,53,519,9.8,0,26,3.8,37.1,84.1%,8.2,250,1135,13,60,4.5,81.1,17.9,303,5.5,1654,13,4
7,Aaron Jones,GNB,RB,68,49,474,9.7,3,18,3.1,29.6,72.1%,7.0,236,1084,16,55,4.6,67.8,14.8,285,5.5,1558,19,3
8,Austin Ekeler,LAC,rb,108,92,993,10.8,8,42,5.8,62.1,85.2%,9.2,132,557,3,32,4.2,34.8,8.3,224,6.9,1550,11,3
9,Chris Carson,SEA,RB,47,37,266,7.2,2,10,2.5,17.7,78.7%,5.7,278,1230,7,75,4.4,82.0,18.5,315,4.7,1496,9,7
10,Saquon Barkley,NYG,RB,73,52,438,8.4,2,14,4.0,33.7,71.2%,6.0,217,1003,6,45,4.6,77.2,16.7,269,5.4,1441,8,1
11,Joe Mixon,CIN,RB,45,35,287,8.2,3,14,2.2,17.9,77.8%,6.4,278,1137,5,56,4.1,71.1,17.4,313,4.5,1424,8,0
12,Julio Jones,ATL,WR,157,99,1394,14.1,6,77,6.6,92.9,63.1%,8.9,2,-3,0,0,-1.5,-0.2,0.1,101,13.8,1391,6,1
13,Chris Godwin,TAM,WR,121,86,1333,15.5,9,63,6.1,95.2,71.1%,11.0,1,8,0,0,8.0,0.6,0.1,87,15.4,1341,9,0
14,Alvin Kamara,NOR,RB,97,81,533,6.6,1,28,5.8,38.1,83.5%,5.5,171,797,5,32,4.7,56.9,12.2,252,5.3,1330,6,4
15,Miles Sanders,PHI,RB,63,50,509,10.2,3,19,3.1,31.8,79.4%,8.1,179,818,3,30,4.6,51.1,11.2,229,5.8,1327,6,2
16,Josh Jacobs,OAK,RB,27,20,166,8.3,0,8,1.5,12.8,74.1%,6.1,242,1150,7,53,4.8,88.5,18.6,262,5.0,1316,7,1
17,Mark Ingram,BAL,RB,29,26,247,9.5,5,16,1.7,16.5,89.7%,8.5,202,1018,10,53,5.0,67.9,13.5,228,5.5,1265,15,2
18,Le'Veon Bell,NYJ,RB,78,66,461,7.0,1,20,4.4,30.7,84.6%,5.9,245,789,3,36,3.2,52.6,16.3,311,4.0,1250,4,1
19,Robert Woods,LAR,WR,139,90,1134,12.6,2,54,6.0,75.6,64.7%,8.2,17,115,1,5,6.8,7.7,1.1,107,11.7,1249,3,0
20,Travis Kelce,KAN,TE,136,97,1229,12.7,5,65,6.1,76.8,71.3%,9.0,1,4,1,1,4.0,0.3,0.1,98,12.6,1233,6,1
21,Keenan Allen,LAC,WR,149,104,1199,11.5,6,63,6.5,74.9,69.8%,8.0,3,16,0,1,5.3,1.0,0.2,107,11.4,1215,6,0
22,D.J. Moore,CAR,WR,135,87,1175,13.5,4,63,5.8,78.3,64.4%,8.7,6,40,0,3,6.7,2.7,0.4,93,13.1,1215,4,2
23,Phillip Lindsay,DEN,RB,48,35,196,5.6,0,9,2.2,12.3,72.9%,4.1,224,1011,7,38,4.5,63.2,14.0,259,4.7,1207,7,0
24,Lamar Jackson,BAL,QB,0,0,0,,0,0,0.0,0.0,0.0%,,176,1206,7,71,6.9,80.4,11.7,176,6.9,1206,7,9
25,DeVante Parker,MIA,WR,128,72,1202,16.7,9,58,4.5,75.1,56.3%,9.4,,,,0,,,,72,16.7,1202,9,0
26,Amari Cooper,DAL,WR,119,79,1189,15.1,8,54,4.9,74.3,66.4%,10.0,1,6,0,0,6.0,0.4,0.1,80,14.9,1195,8,0
27,Stefon Diggs,MIN,WR,94,63,1130,17.9,6,41,4.2,75.3,67.0%,12.0,5,61,0,3,12.2,4.1,0.3,68,17.5,1191,6,4
28,Kenny Golladay,DET,WR,116,65,1190,18.3,11,52,4.1,74.4,56.0%,10.3,,,,0,,,,65,18.3,1190,11,1
29,Jarvis Landry,CLE,WR,138,83,1174,14.1,6,55,5.2,73.4,60.1%,8.5,1,10,0,1,10.0,0.6,0.1,84,14.1,1184,6,0
30,DeAndre Hopkins,HOU,WR,150,104,1165,11.2,7,68,6.9,77.7,69.3%,7.8,2,18,0,2,9.0,1.2,0.1,106,11.2,1183,7,0
31,Marlon Mack,IND,RB,17,14,82,5.9,0,2,1.0,5.9,82.4%,4.8,247,1091,8,67,4.4,77.9,17.6,261,4.5,1173,8,0
32,Cooper Kupp,LAR,WR,134,94,1161,12.4,10,51,5.9,72.6,70.1%,8.7,2,4,0,0,2.0,0.3,0.1,96,12.1,1165,10,3
33,Kenyan Drake,2TM,,68,50,345,6.9,0,15,3.6,24.6,73.5%,5.1,170,817,8,48,4.8,58.4,12.1,220,5.3,1162,8,2
34,Mike Evans,TAM,WR,118,67,1157,17.3,8,54,5.2,89.0,56.8%,9.8,,,,0,,,,67,17.3,1157,8,0
35,Darren Waller,OAK,TE,117,90,1145,12.7,3,53,5.6,71.6,76.9%,9.8,2,5,0,0,2.5,0.3,0.1,92,12.5,1150,3,1
36,Allen Robinson,CHI,WR,154,98,1147,11.7,7,63,6.1,71.7,63.6%,7.4,1,2,0,0,2.0,0.1,0.1,99,11.6,1149,7,0
37,Julian Edelman,NWE,WR,153,100,1117,11.2,6,54,6.3,69.8,65.4%,7.3,8,27,0,2,3.4,1.7,0.5,108,10.6,1144,6,3
38,Courtland Sutton,DEN,WR,124,72,1112,15.4,6,50,4.5,69.5,58.1%,9.0,3,17,0,1,5.7,1.1,0.2,75,15.1,1129,6,2
39,Carlos Hyde,HOU,RB,16,10,42,4.2,0,2,0.6,2.6,62.5%,2.6,245,1070,6,55,4.4,66.9,15.3,255,4.4,1112,6,4
40,A.J. Brown,TEN,WR,84,52,1051,20.2,8,39,3.3,65.7,61.9%,12.5,3,60,1,2,20.0,3.8,0.2,55,20.2,1111,9,1
41,Michael Gallup,DAL,WR,113,66,1107,16.8,6,50,4.7,79.1,58.4%,9.8,,,,0,,,,66,16.8,1107,6,0
42,George Kittle,SFO,TE,107,85,1053,12.4,5,53,6.1,75.2,79.4%,9.8,5,22,0,1,4.4,1.6,0.4,90,11.9,1075,5,1
43,David Montgomery,CHI,rb,35,25,185,7.4,1,7,1.6,11.6,71.4%,5.3,242,889,6,50,3.7,55.6,15.1,267,4.0,1074,7,2
44,Tyler Boyd,CIN,WR,148,90,1046,11.6,5,51,5.6,65.4,60.8%,7.1,4,23,0,1,5.8,1.4,0.3,94,11.4,1069,5,2
45,John Brown,BUF,WR,115,72,1060,14.7,6,53,4.8,70.7,62.6%,9.2,2,7,0,0,3.5,0.5,0.1,74,14.4,1067,6,0
46,Devonta Freeman,ATL,RB,70,59,410,6.9,4,17,4.2,29.3,84.3%,5.9,184,656,2,31,3.6,46.9,13.1,243,4.4,1066,6,3
47,Todd Gurley,LAR,RB,49,31,207,6.7,2,8,2.1,13.8,63.3%,4.2,223,857,12,51,3.8,57.1,14.9,254,4.2,1064,14,3
48,Tyler Lockett,SEA,WR,110,82,1057,12.9,8,53,5.1,66.1,74.5%,9.6,4,-5,0,0,-1.3,-0.3,0.3,86,12.2,1052,8,1
49,Odell Beckham Jr.,CLE,WR,133,74,1035,14.0,4,44,4.6,64.7,55.6%,7.8,3,10,0,1,3.3,0.6,0.2,77,13.6,1045,4,1
50,Adrian Peterson,WAS,RB,23,17,142,8.4,0,7,1.1,9.5,73.9%,6.2,211,898,5,41,4.3,59.9,14.1,228,4.6,1040,5,3
51,Ronald Jones II,TAM,RB,40,31,309,10.0,0,12,1.9,19.3,77.5%,7.7,172,724,6,34,4.2,45.3,10.8,203,5.1,1033,6,3
52,DJ Chark,JAX,WR,118,73,1008,13.8,8,42,4.9,67.2,61.9%,8.5,2,20,0,1,10.0,1.3,0.1,75,13.7,1028,8,0
53,Sony Michel,NWE,RB,20,12,94,7.8,0,7,0.8,5.9,60.0%,4.7,247,912,7,55,3.7,57.0,15.4,259,3.9,1006,7,2
54,Mike Williams,LAC,WR,90,49,1001,20.4,2,41,3.3,66.7,54.4%,11.1,1,2,0,0,2.0,0.1,0.1,50,20.1,1003,2,0
55,Davante Adams,GNB,WR,127,83,997,12.0,5,54,6.9,83.1,65.4%,7.9,,,,0,,,,83,12.0,997,5,2
56,Devin Singletary,BUF,RB,41,29,194,6.7,2,5,2.4,16.2,70.7%,4.7,151,775,2,37,5.1,64.6,12.6,180,5.4,969,4,4
57,Deebo Samuel,SFO,WR,81,57,802,14.1,3,32,3.8,53.5,70.4%,9.9,14,159,3,5,11.4,10.6,0.9,71,13.5,961,6,2
58,Raheem Mostert,SFO,,22,14,180,12.9,2,6,0.9,11.3,63.6%,8.2,137,772,8,31,5.6,48.3,8.6,151,6.3,952,10,2
59,Terry McLaurin,WAS,WR,93,58,919,15.8,7,43,4.1,65.6,62.4%,9.9,,,,0,,,,58,15.8,919,7,0
60,Zach Ertz,PHI,TE,135,88,916,10.4,6,50,5.9,61.1,65.2%,6.8,,,,0,,,,88,10.4,916,6,1
61,D.K. Metcalf,SEA,WR,100,58,900,15.5,7,39,3.6,56.3,58.0%,9.0,2,11,0,0,5.5,0.7,0.1,60,15.2,911,7,3
62,Melvin Gordon,LAC,RB,55,42,296,7.0,1,11,3.5,24.7,76.4%,5.4,162,612,8,39,3.8,51.0,13.5,204,4.5,908,9,4
63,James White,NWE,,95,72,645,9.0,5,31,4.8,43.0,75.8%,6.8,67,263,1,15,3.9,17.5,4.5,139,6.5,908,6,1
64,Calvin Ridley,ATL,WR,93,63,866,13.7,7,47,4.8,66.6,67.7%,9.3,2,34,0,2,17.0,2.6,0.2,65,13.8,900,7,0
65,Tyreek Hill,KAN,WR,89,58,860,14.8,7,39,4.8,71.7,65.2%,9.7,8,23,0,1,2.9,1.9,0.7,66,13.4,883,7,0
66,Latavius Murray,NOR,rb,43,34,235,6.9,1,9,2.1,14.7,79.1%,5.5,146,637,5,38,4.4,39.8,9.1,180,4.8,872,6,0
67,Emmanuel Sanders,2TM,,97,66,869,13.2,5,41,3.9,51.1,68.0%,9.0,,,,0,,,,66,13.2,869,5,0
68,Mark Andrews,BAL,,98,64,852,13.3,10,44,4.3,56.8,65.3%,8.7,,,,0,,,,64,13.3,852,10,2
69,Randall Cobb,DAL,wr,83,55,828,15.1,3,41,3.7,55.2,66.3%,10.0,3,11,0,0,3.7,0.7,0.2,58,14.5,839,3,2
70,Jamison Crowder,NYJ,WR,122,78,833,10.7,6,41,4.9,52.1,63.9%,6.8,1,4,0,0,4.0,0.3,0.1,79,10.6,837,6,0
71,Duke Johnson,HOU,,62,44,410,9.3,3,18,2.8,25.6,71.0%,6.6,83,410,2,17,4.9,25.6,5.2,127,6.5,820,5,1
72,Larry Fitzgerald,ARI,WR,109,75,804,10.7,4,40,4.7,50.3,68.8%,7.4,,,,0,,,,75,10.7,804,4,1
73,Christian Kirk,ARI,WR,108,68,709,10.4,3,31,5.2,54.5,63.0%,6.6,10,93,0,4,9.3,7.2,0.8,78,10.3,802,3,0
74,Austin Hooper,ATL,TE,97,75,787,10.5,6,41,5.8,60.5,77.3%,8.1,,,,0,,,,75,10.5,787,6,0
75,Robby Anderson,NYJ,WR,96,52,779,15.0,5,35,3.3,48.7,54.2%,8.1,1,4,0,0,4.0,0.3,0.1,53,14.8,783,5,1
76,Marvin Jones,DET,WR,91,62,779,12.6,9,41,4.8,59.9,68.1%,8.6,2,0,0,0,0.0,0.0,0.2,64,12.2,779,9,0
77,Cole Beasley,BUF,WR,106,67,778,11.6,6,37,4.5,51.9,63.2%,7.3,,,,0,,,,67,11.6,778,6,0
78,Chris Conley,JAX,WR,90,47,775,16.5,5,36,2.9,48.4,52.2%,8.6,,,,0,,,,47,16.5,775,5,0
79,Curtis Samuel,CAR,WR,105,54,627,11.6,6,36,3.4,39.2,51.4%,6.0,19,130,1,7,6.8,8.1,1.2,73,10.4,757,7,0
80,Gus Edwards,BAL,,7,7,45,6.4,0,2,0.4,2.8,100.0%,6.4,133,711,2,46,5.3,44.4,8.3,140,5.4,756,2,2
81,Royce Freeman,DEN,,50,43,256,6.0,1,10,2.7,16.0,86.0%,5.1,132,496,3,22,3.8,31.0,8.3,175,4.3,752,4,0
82,Matt Breida,SFO,rb,22,19,120,6.3,1,6,1.5,9.2,86.4%,5.5,123,623,1,23,5.1,47.9,9.5,142,5.2,743,2,2
83,Darius Slayton,NYG,WR,84,48,740,15.4,8,32,3.4,52.9,57.1%,8.8,,,,0,,,,48,15.4,740,8,0
84,James Washington,PIT,WR,80,44,735,16.7,3,31,2.9,49.0,55.0%,9.2,,,,0,,,,44,16.7,735,3,1
85,Tyler Higbee,LAR,TE,89,69,734,10.6,3,36,4.6,48.9,77.5%,8.2,,,,0,,,,69,10.6,734,3,0
86,Tevin Coleman,SFO,RB,30,21,180,8.6,1,9,1.5,12.9,70.0%,6.0,137,544,6,26,4.0,38.9,9.8,158,4.6,724,7,0
87,Diontae Johnson,PIT,WR,92,59,680,11.5,5,31,3.7,42.5,64.1%,7.4,4,41,0,2,10.3,2.6,0.3,63,11.4,721,5,5
88,James Conner,PIT,RB,38,34,251,7.4,3,14,3.4,25.1,89.5%,6.6,116,464,4,26,4.0,46.4,11.6,150,4.8,715,7,1
89,David Johnson,ARI,rb,47,36,370,10.3,4,17,2.8,28.5,76.6%,7.9,94,345,2,20,3.7,26.5,7.2,130,5.5,715,6,1
90,Jamaal Williams,GNB,,45,39,253,6.5,5,16,2.8,18.1,86.7%,5.6,107,460,1,23,4.3,32.9,7.6,146,4.9,713,6,0
91,Damien Williams,KAN,rb,37,30,213,7.1,2,10,2.7,19.4,81.1%,5.8,111,498,5,22,4.5,45.3,10.1,141,5.0,711,7,1
92,Jared Cook,NOR,te,65,43,705,16.4,9,32,3.1,50.4,66.2%,10.8,,,,0,,,,43,16.4,705,9,0
93,Frank Gore,BUF,rb,16,13,100,7.7,0,5,0.8,6.3,81.3%,6.3,166,599,2,30,3.6,37.4,10.4,179,3.9,699,2,0
94,Golden Tate,NYG,WR,85,49,676,13.8,6,30,4.5,61.5,57.6%,8.0,1,16,0,1,16.0,1.5,0.1,50,13.8,692,6,1
95,Dede Westbrook,JAX,WR,101,66,660,10.0,3,31,4.4,44.0,65.3%,6.5,5,27,0,0,5.4,1.8,0.3,71,9.7,687,3,1
96,Sammy Watkins,KAN,WR,90,52,673,12.9,3,30,3.7,48.1,57.8%,7.5,2,12,0,1,6.0,0.9,0.1,54,12.7,685,3,2
97,DeAndre Washington,OAK,,41,36,292,8.1,0,10,2.3,18.3,87.8%,7.1,108,387,3,23,3.6,24.2,6.8,144,4.7,679,3,0
98,Danny Amendola,DET,WR,97,62,678,10.9,1,36,4.1,45.2,63.9%,7.0,,,,0,,,,62,10.9,678,1,0
99,Will Fuller,HOU,WR,71,49,670,13.7,3,26,4.5,60.9,69.0%,9.4,,,,0,,,,49,13.7,670,3,1
100,Tarik Cohen,CHI,RB,104,79,456,5.8,3,18,4.9,28.5,76.0%,4.4,64,213,0,15,3.3,13.3,4.0,143,4.7,669,3,3
101,Breshad Perriman,TAM,/wr,69,36,645,17.9,6,29,2.6,46.1,52.2%,9.3,2,16,0,1,8.0,1.1,0.1,38,17.4,661,6,0
102,Anthony Miller,CHI,WR,85,52,656,12.6,2,34,3.3,41.0,61.2%,7.7,1,-1,0,0,-1.0,-0.1,0.1,53,12.4,655,2,1
103,Hunter Henry,LAC,TE,76,55,652,11.9,5,36,4.6,54.3,72.4%,8.6,,,,0,,,,55,11.9,652,5,1
104,Tyrell Williams,OAK,WR,64,42,651,15.5,6,33,3.0,46.5,65.6%,10.2,,,,0,,,,42,15.5,651,6,0
105,Sterling Shepard,NYG,WR,83,57,576,10.1,3,29,5.7,57.6,68.7%,6.9,6,72,0,3,12.0,7.2,0.6,63,10.3,648,3,0
106,LeSean McCoy,KAN,RB/rb,34,28,181,6.5,1,6,2.2,13.9,82.4%,5.3,101,465,4,24,4.6,35.8,7.8,129,5.0,646,5,3
107,Brandin Cooks,LAR,WR,72,42,583,13.9,2,32,3.0,41.6,58.3%,8.1,6,52,0,3,8.7,3.7,0.4,48,13.2,635,2,0
108,Zach Pascal,IND,WR,72,41,607,14.8,5,29,2.6,37.9,56.9%,8.4,2,16,0,1,8.0,1.0,0.1,43,14.5,623,5,0
109,Dallas Goedert,PHI,TE,87,58,607,10.5,5,33,3.9,40.5,66.7%,7.0,,,,0,,,,58,10.5,607,5,2
110,Hunter Renfrow,OAK,,71,49,605,12.3,4,30,3.8,46.5,69.0%,8.5,,,,0,,,,49,12.3,605,4,1
111,Corey Davis,TEN,WR,69,43,601,14.0,2,33,2.9,40.1,62.3%,8.7,,,,0,,,,43,14.0,601,2,1
112,Greg Olsen,CAR,TE,82,52,597,11.5,2,34,3.7,42.6,63.4%,7.3,,,,0,,,,52,11.5,597,2,0
113,Jordan Howard,PHI,/rb,14,10,69,6.9,1,3,1.0,6.9,71.4%,4.9,119,525,6,28,4.4,52.5,11.9,129,4.6,594,7,0
114,Peyton Barber,TAM,rb,24,16,115,7.2,1,4,1.0,7.2,66.7%,4.8,154,470,6,23,3.1,29.4,9.6,170,3.4,585,7,1
115,Marquise Brown,BAL,wr,71,46,584,12.7,7,24,3.3,41.7,64.8%,8.2,,,,0,,,,46,12.7,584,7,0
116,Rex Burkhead,NWE,,38,27,279,10.3,0,10,2.1,21.5,71.1%,7.3,65,302,3,18,4.6,23.2,5.0,92,6.3,581,3,1
117,Auden Tate,CIN,WR,80,40,575,14.4,1,29,3.3,47.9,50.0%,7.2,,,,0,,,,40,14.4,575,1,1
118,Mike Gesicki,MIA,te,89,51,570,11.2,5,25,3.2,35.6,57.3%,6.4,,,,0,,,,51,11.2,570,5,1
119,Alex Erickson,CIN,wr,78,43,529,12.3,0,26,2.7,33.1,55.1%,6.8,5,33,0,2,6.6,2.1,0.3,48,11.7,562,0,4
120,Tony Pollard,DAL,,20,15,107,7.1,1,4,1.0,7.1,75.0%,5.4,86,455,2,21,5.3,30.3,5.7,101,5.6,562,3,1
121,Kenny Stills,HOU,wr,55,40,561,14.0,4,27,3.1,43.2,72.7%,10.2,,,,0,,,,40,14.0,561,4,0
122,Mecole Hardman,KAN,wr,41,26,538,20.7,6,18,1.6,33.6,63.4%,13.1,4,17,0,1,4.3,1.1,0.3,30,18.5,555,6,2
123,JuJu Smith-Schuster,PIT,WR,70,42,552,13.1,3,23,3.5,46.0,60.0%,7.9,,,,0,,,,42,13.1,552,3,1
124,Noah Fant,DEN,TE,66,40,562,14.1,3,23,2.5,35.1,60.6%,8.5,3,-12,0,0,-4.0,-0.8,0.2,43,12.8,550,3,1
125,Alexander Mattison,MIN,,12,10,82,8.2,0,3,0.8,6.3,83.3%,6.8,100,462,1,19,4.6,35.5,7.7,110,4.9,544,1,1
126,Kyler Murray,ARI,QB,0,0,0,,0,0,0.0,0.0,0.0%,,93,544,4,27,5.8,34.0,5.8,93,5.8,544,4,5
127,Mohamed Sanu,2TM,,89,59,520,8.8,2,30,3.9,34.7,66.3%,5.8,3,11,0,1,3.7,0.7,0.2,62,8.6,531,2,0
128,Kerryon Johnson,DET,RB,15,10,127,12.7,1,7,1.3,15.9,66.7%,8.5,113,403,3,22,3.6,50.4,14.1,123,4.3,530,4,1
129,Jason Witten,DAL,TE,83,63,529,8.4,4,27,3.9,33.1,75.9%,6.4,,,,0,,,,63,8.4,529,4,1
130,Nyheim Hines,IND,,58,44,320,7.3,0,15,2.8,20.0,75.9%,5.5,52,199,2,16,3.8,12.4,3.3,96,5.4,519,2,1
131,Jonnu Smith,TEN,TE,44,35,439,12.5,3,16,2.2,27.4,79.5%,10.0,4,78,0,2,19.5,4.9,0.3,39,13.3,517,3,0
132,Chris Thompson,WAS,,58,42,378,9.0,0,16,3.8,34.4,72.4%,6.5,37,138,0,7,3.7,12.5,3.4,79,6.5,516,0,1
133,Josh Allen,BUF,QB,0,0,0,,0,0,0.0,0.0,0.0%,,109,510,9,42,4.7,31.9,6.8,109,4.7,510,9,14
134,John Ross,CIN,WR,56,28,506,18.1,3,22,3.5,63.3,50.0%,9.0,3,4,0,0,1.3,0.5,0.4,31,16.5,510,3,1
135,T.Y. Hilton,IND,WR,68,45,501,11.1,5,24,4.5,50.1,66.2%,7.4,,,,0,,,,45,11.1,501,5,0
136,Allen Lazard,GNB,,52,35,477,13.6,3,24,2.2,29.8,67.3%,9.2,1,21,0,1,21.0,1.3,0.1,36,13.8,498,3,0
137,Alshon Jeffery,PHI,WR,73,43,490,11.4,4,36,4.3,49.0,58.9%,6.7,1,2,1,1,2.0,0.2,0.1,44,11.2,492,5,0
138,Jaylen Samuels,PIT,,57,47,305,6.5,1,19,3.4,21.8,82.5%,5.4,66,175,1,9,2.7,12.5,4.7,113,4.2,480,2,1
139,Evan Engram,NYG,TE,68,44,467,10.6,3,23,5.5,58.4,64.7%,6.9,3,7,0,0,2.3,0.9,0.4,47,10.1,474,3,0
140,Jalen Richard,OAK,,43,36,323,9.0,0,15,2.3,20.2,83.7%,7.5,39,145,0,10,3.7,9.1,2.4,75,6.2,468,0,2
141,Kareem Hunt,CLE,,44,37,285,7.7,1,17,4.6,35.6,84.1%,6.5,43,179,2,8,4.2,22.4,5.4,80,5.8,464,3,1
142,Marquez Valdes-Scantling,GNB,WR,56,26,452,17.4,2,14,1.6,28.3,46.4%,8.1,2,9,0,0,4.5,0.6,0.1,28,16.5,461,2,0
143,O.J. Howard,TAM,TE,53,34,459,13.5,1,23,2.4,32.8,64.2%,8.7,,,,0,,,,34,13.5,459,1,1
144,Russell Gage,ATL,,74,49,446,9.1,1,25,3.1,27.9,66.2%,6.0,4,12,0,0,3.0,0.8,0.3,53,8.6,458,1,1
145,Rashaad Penny,SEA,,11,8,83,10.4,1,3,0.8,8.3,72.7%,7.5,65,370,3,16,5.7,37.0,6.5,73,6.2,453,4,1
146,Demarcus Robinson,KAN,wr,55,32,449,14.0,4,19,2.0,28.1,58.2%,8.2,,,,0,,,,32,14.0,449,4,0
147,Boston Scott,PHI,,26,24,204,8.5,0,10,2.2,18.5,92.3%,7.8,61,245,5,17,4.0,22.3,5.5,85,5.3,449,5,4
148,Benny Snell Jr.,PIT,,4,3,23,7.7,0,0,0.2,1.8,75.0%,5.8,108,426,2,19,3.9,32.8,8.3,111,4.0,449,2,1
149,Jack Doyle,IND,TE,72,43,448,10.4,4,29,2.7,28.0,59.7%,6.2,,,,0,,,,43,10.4,448,4,1
150,Jimmy Graham,GNB,TE,60,38,447,11.8,3,23,2.4,27.9,63.3%,7.5,,,,0,,,,38,11.8,447,3,1
151,Ted Ginn Jr.,NOR,WR,56,30,421,14.0,2,20,1.9,26.3,53.6%,7.5,3,18,0,2,6.0,1.1,0.2,33,13.3,439,2,0
152,J.D. McKissic,DET,/rb,42,34,233,6.9,1,7,2.1,14.6,81.0%,5.5,38,205,0,8,5.4,12.8,2.4,72,6.1,438,1,0
153,Tyler Eifert,CIN,/te,63,43,436,10.1,3,24,2.7,27.3,68.3%,6.9,,,,0,,,,43,10.1,436,3,0
154,Demaryius Thomas,NYJ,WR,58,36,433,12.0,1,22,3.3,39.4,62.1%,7.5,,,,0,,,,36,12.0,433,1,0
155,Preston Williams,MIA,WR,60,32,428,13.4,3,24,4.0,53.5,53.3%,7.1,,,,0,,,,32,13.4,428,3,2
156,Josh Gordon,2TM,,47,27,426,15.8,1,16,2.5,38.7,57.4%,9.1,1,1,0,0,1.0,0.1,0.1,28,15.3,427,1,0
157,Adam Thielen,MIN,WR,48,30,418,13.9,6,18,3.0,41.8,62.5%,8.7,4,6,1,1,1.5,0.6,0.4,34,12.5,424,7,0
158,Deshaun Watson,HOU,QB,1,1,6,6.0,1,1,0.1,0.4,100.0%,6.0,82,413,7,29,5.0,27.5,5.5,83,5.0,419,8,10
159,Jordan Akins,HOU,TE,55,36,418,11.6,2,21,2.3,26.1,65.5%,7.6,,,,0,,,,36,11.6,418,2,0
160,Phillip Dorsett,NWE,/wr,54,29,397,13.7,5,17,2.1,28.4,53.7%,7.4,3,21,0,1,7.0,1.5,0.2,32,13.1,418,5,0
161,Allen Hurns,MIA,WR,47,32,416,13.0,2,18,2.3,29.7,68.1%,8.9,,,,0,,,,32,13.0,416,2,1
162,Chase Edmonds,ARI,,21,12,105,8.8,1,5,0.9,8.1,57.1%,5.0,60,303,4,12,5.1,23.3,4.6,72,5.7,408,5,0
163,Gerald Everett,LAR,,60,37,408,11.0,2,22,2.8,31.4,61.7%,6.8,1,0,0,0,0.0,0.0,0.1,38,10.7,408,2,0
164,Giovani Bernard,CIN,,43,30,234,7.8,0,7,1.9,14.6,69.8%,5.4,53,170,0,10,3.2,10.6,3.3,83,4.9,404,0,2
165,Dawson Knox,BUF,TE,50,28,388,13.9,2,15,1.9,25.9,56.0%,7.8,1,9,0,1,9.0,0.6,0.1,29,13.7,397,2,0
166,Albert Wilson,MIA,,62,43,351,8.2,1,22,3.3,27.0,69.4%,5.7,5,45,0,1,9.0,3.5,0.4,48,8.3,396,1,0
167,Steven Sims,WAS,,56,34,310,9.1,4,18,2.1,19.4,60.7%,5.5,9,85,1,2,9.4,5.3,0.6,43,9.2,395,5,1
168,Brian Hill,ATL,,14,10,69,6.9,1,4,0.8,5.8,71.4%,4.9,78,323,2,19,4.1,26.9,6.5,88,4.5,392,3,0
169,Taysom Hill,NOR,wr,22,19,234,12.3,6,14,1.2,14.6,86.4%,10.6,27,156,1,10,5.8,9.8,1.7,46,8.5,390,7,0
170,Ty Johnson,DET,,31,24,109,4.5,0,4,1.5,6.8,77.4%,3.5,63,273,0,11,4.3,17.1,3.9,87,4.4,382,0,1
171,Bo Scarbrough,DET,rb,4,1,5,5.0,0,0,0.2,0.8,25.0%,1.3,89,377,1,15,4.2,62.8,14.8,90,4.2,382,1,1
172,Eric Ebron,IND,/te,52,31,375,12.1,3,20,2.8,34.1,59.6%,7.2,,,,0,,,,31,12.1,375,3,0
173,Adam Humphries,TEN,,47,37,374,10.1,2,20,3.1,31.2,78.7%,8.0,1,1,0,0,1.0,0.1,0.1,38,9.9,375,2,1
174,Taylor Gabriel,CHI,WR/wr,48,29,353,12.2,4,17,3.2,39.2,60.4%,7.4,3,20,0,1,6.7,2.2,0.3,32,11.7,373,4,0
175,Dion Lewis,TEN,/rb,32,25,164,6.6,1,7,1.6,10.3,78.1%,5.1,54,209,0,6,3.9,13.1,3.4,79,4.7,373,1,1
176,Patrick Laird,MIA,,30,23,204,8.9,0,13,1.5,13.6,76.7%,6.8,62,168,1,9,2.7,11.2,4.1,85,4.4,372,1,0
177,Nelson Agholor,PHI,WR,69,39,363,9.3,3,17,3.5,33.0,56.5%,5.3,2,7,0,1,3.5,0.6,0.2,41,9.0,370,3,2
178,Keelan Cole,JAX,,35,24,361,15.0,3,19,1.5,22.6,68.6%,10.3,1,6,0,0,6.0,0.4,0.1,25,14.7,367,3,0
179,T.J. Hockenson,DET,te,59,32,367,11.5,2,19,2.7,30.6,54.2%,6.2,,,,0,,,,32,11.5,367,2,0
180,Kyle Rudolph,MIN,TE,48,39,367,9.4,6,24,2.4,22.9,81.3%,7.6,,,,0,,,,39,9.4,367,6,0
181,Kelvin Harmon,WAS,WR,44,30,365,12.2,0,16,1.9,22.8,68.2%,8.3,,,,0,,,,30,12.2,365,0,0
182,Blake Jarwin,DAL,te,41,31,365,11.8,3,17,1.9,22.8,75.6%,8.9,,,,0,,,,31,11.8,365,3,1
183,Damiere Byrd,ARI,/wr,46,32,359,11.2,1,16,2.9,32.6,69.6%,7.8,,,,0,,,,32,11.2,359,1,1
184,Jakobi Meyers,NWE,,41,26,359,13.8,0,17,1.7,23.9,63.4%,8.8,,,,0,,,,26,13.8,359,0,0
185,Kendrick Bourne,SFO,,44,30,358,11.9,5,23,1.9,22.4,68.2%,8.1,,,,0,,,,30,11.9,358,5,0
186,Jordan Wilkins,IND,,11,7,43,6.1,0,1,0.5,3.1,63.6%,3.9,51,307,2,12,6.0,21.9,3.6,58,6.0,350,2,0
187,Jacob Hollister,SEA,,59,41,349,8.5,3,16,3.7,31.7,69.5%,5.9,,,,0,,,,41,8.5,349,3,0
188,Hayden Hurst,BAL,/te,39,30,349,11.6,2,16,1.9,21.8,76.9%,8.9,,,,0,,,,30,11.6,349,2,0
189,Josh Reynolds,LAR,,43,21,326,15.5,1,15,1.3,20.4,48.8%,7.6,5,23,0,2,4.6,1.4,0.3,26,13.4,349,1,0
190,Gardner Minshew II,JAX,QB,0,0,0,,0,0,0.0,0.0,0.0%,,67,344,0,20,5.1,24.6,4.8,67,5.1,344,0,13
191,Russell Wilson,SEA,QB,0,0,0,,0,0,0.0,0.0,0.0%,,75,342,3,17,4.6,21.4,4.7,75,4.6,342,3,8
192,Darren Fells,HOU,TE,48,34,341,10.0,7,22,2.1,21.3,70.8%,7.1,,,,0,,,,34,10.0,341,7,0
193,Willie Snead,BAL,WR,46,31,339,10.9,5,20,1.9,21.2,67.4%,7.4,2,2,0,0,1.0,0.1,0.1,33,10.3,341,5,0
194,Tajae Sharpe,TEN,WR,35,25,329,13.2,4,20,1.7,21.9,71.4%,9.4,,,,0,,,,25,13.2,329,4,0
195,David Moore,SEA,,34,17,301,17.7,2,14,1.2,21.5,50.0%,8.9,3,25,0,1,8.3,1.8,0.2,20,16.3,326,2,2
196,Derrius Guice,WAS,,9,7,79,11.3,1,2,1.4,15.8,77.8%,8.8,42,245,2,9,5.8,49.0,8.4,49,6.6,324,3,0
197,Nick Boyle,BAL,TE,43,31,321,10.4,2,13,1.9,20.1,72.1%,7.5,,,,0,,,,31,10.4,321,2,0
198,Ryan Griffin,NYJ,TE,41,34,320,9.4,5,19,2.6,24.6,82.9%,7.8,,,,0,,,,34,9.4,320,5,0
199,Cameron Brate,TAM,TE,55,36,311,8.6,4,21,2.3,19.4,65.5%,5.7,,,,0,,,,36,8.6,311,4,0
200,Irv Smith Jr.,MIN,,47,36,311,8.6,2,17,2.3,19.4,76.6%,6.6,,,,0,,,,36,8.6,311,2,1
201,Darrel Williams,KAN,,19,15,167,11.1,1,7,1.3,13.9,78.9%,8.8,41,141,3,12,3.4,11.8,3.4,56,5.5,308,4,1
202,Isaiah McKenzie,BUF,WR,39,27,254,9.4,1,12,1.8,16.9,69.2%,6.5,8,49,0,4,6.1,3.3,0.5,35,8.7,303,1,0
203,Dare Ogunbowale,TAM,,46,35,286,8.2,0,14,2.2,17.9,76.1%,6.2,11,17,2,3,1.5,1.1,0.7,46,6.6,303,2,2
204,Olabisi Johnson,MIN,,45,31,294,9.5,3,17,1.9,18.4,68.9%,6.5,1,6,0,0,6.0,0.4,0.1,32,9.4,300,3,0
205,Cody Latimer,NYG,WR/wr,42,24,300,12.5,2,19,1.6,20.0,57.1%,7.1,,,,0,,,,24,12.5,300,2,0
206,DaeSean Hamilton,DEN,,52,28,297,10.6,1,19,1.8,18.6,53.8%,5.7,,,,0,,,,28,10.6,297,1,0
207,Justice Hill,BAL,,15,8,70,8.8,0,5,0.5,4.4,53.3%,4.7,58,225,2,10,3.9,14.1,3.6,66,4.5,295,2,0
208,Geronimo Allison,GNB,wr,55,34,287,8.4,2,16,2.1,17.9,61.8%,5.2,1,7,0,0,7.0,0.4,0.1,35,8.4,294,2,2
209,Jonathan Williams,IND,,5,5,59,11.8,0,3,0.6,6.6,100.0%,11.8,49,235,1,13,4.8,26.1,5.4,54,5.4,294,1,0
210,Mike Boone,MIN,,4,3,17,5.7,0,0,0.2,1.1,75.0%,4.3,49,273,3,9,5.6,17.1,3.1,52,5.6,290,3,0
211,Mark Walton,MIA,,21,15,89,5.9,0,3,2.1,12.7,71.4%,4.2,53,201,0,11,3.8,28.7,7.6,68,4.3,290,0,1
212,Jarius Wright,CAR,WR/wr,58,28,296,10.6,0,16,1.8,18.5,48.3%,5.1,1,-7,0,0,-7.0,-0.4,0.1,29,10.0,289,0,0
213,Daniel Jones,NYG,QB,0,0,0,,0,0,0.0,0.0,0.0%,,45,279,2,21,6.2,21.5,3.5,45,6.2,279,2,18
214,Marcus Johnson,IND,WR,33,17,277,16.3,2,12,2.1,34.6,51.5%,8.4,,,,0,,,,17,16.3,277,2,0
215,Dak Prescott,DAL,QB,0,0,0,,0,0,0.0,0.0,0.0%,,52,277,3,19,5.3,17.3,3.3,52,5.3,277,3,6
216,Vyncint Smith,NYJ,,31,17,225,13.2,0,11,1.3,17.3,54.8%,7.3,3,52,1,3,17.3,4.0,0.2,20,13.9,277,1,1
217,Vance McDonald,PIT,TE,55,38,273,7.2,3,12,2.7,19.5,69.1%,5.0,1,2,0,0,2.0,0.1,0.1,39,7.1,275,3,1
218,Malcolm Brown,LAR,,6,2,16,8.0,0,0,0.1,1.1,33.3%,2.7,69,255,5,16,3.7,18.2,4.9,71,3.8,271,5,0
219,Seth Roberts,BAL,,35,21,271,12.9,2,18,1.3,16.9,60.0%,7.7,,,,0,,,,21,12.9,271,2,0
220,Will Dissly,SEA,TE,27,23,262,11.4,4,14,3.8,43.7,85.2%,9.7,1,7,0,0,7.0,1.2,0.2,24,11.2,269,4,1
221,Keke Coutee,HOU,,36,22,254,11.5,0,10,2.4,28.2,61.1%,7.1,2,14,1,2,7.0,1.6,0.2,24,11.2,268,1,1
222,Marvin Hall,DET,,11,7,261,37.3,1,7,0.8,29.0,63.6%,23.7,1,7,0,0,7.0,0.8,0.1,8,33.5,268,1,0
223,Kaden Smith,NYG,te,42,31,268,8.6,3,12,3.4,29.8,73.8%,6.4,,,,0,,,,31,8.6,268,3,2
224,Bilal Powell,NYJ,/rb,12,7,33,4.7,0,0,0.5,2.5,58.3%,2.8,59,229,0,12,3.9,17.6,4.5,66,4.0,262,0,0
225,Greg Ward,PHI,,40,28,254,9.1,1,18,4.0,36.3,70.0%,6.4,1,5,0,0,5.0,0.7,0.1,29,8.9,259,1,0
226,Isaiah Ford,MIA,,35,23,244,10.6,0,16,2.9,30.5,65.7%,7.0,1,11,0,1,11.0,1.4,0.1,24,10.6,255,0,0
227,Ryquell Armstead,JAX,,24,14,144,10.3,2,9,0.9,9.0,58.3%,6.0,35,108,0,5,3.1,6.8,2.2,49,5.1,252,2,0
228,Jameis Winston,TAM,QB,0,0,0,,0,0,0.0,0.0,0.0%,,59,250,1,18,4.2,15.6,3.7,59,4.2,250,1,12
229,Kyle Juszczyk,SFO,FB,24,20,239,12.0,1,11,1.7,19.9,83.3%,10.0,3,7,0,1,2.3,0.6,0.3,23,10.7,246,1,0
230,Pharoh Cooper,2TM,,33,25,243,9.7,1,10,1.9,18.7,75.8%,7.4,1,2,0,0,2.0,0.2,0.1,26,9.4,245,1,0
231,Paul Richardson,WAS,WR/wr,42,28,245,8.8,2,13,2.8,24.5,66.7%,5.8,1,0,0,0,0.0,0.0,0.1,29,8.4,245,2,0
232,Malik Turner,SEA,,22,15,245,16.3,1,10,1.0,16.3,68.2%,11.1,,,,0,,,,15,16.3,245,1,0
233,Ryan Fitzpatrick,MIA,QB,0,0,0,,0,0,0.0,0.0,0.0%,,54,243,4,16,4.5,16.2,3.6,54,4.5,243,4,9
234,Carson Wentz,PHI,QB,0,0,0,,0,0,0.0,0.0,0.0%,,62,243,1,21,3.9,15.2,3.9,62,3.9,243,1,16
235,C.J. Uzomah,CIN,TE,40,27,242,9.0,2,12,1.7,15.1,67.5%,6.1,,,,0,,,,27,9.0,242,2,0
236,Jeremy Sprinkle,WAS,TE,40,26,241,9.3,1,13,1.6,15.1,65.0%,6.0,,,,0,,,,26,9.3,241,1,1
237,Charles Clay,ARI,TE,24,18,237,13.2,1,12,1.2,15.8,75.0%,9.9,,,,0,,,,18,13.2,237,1,0
238,Tre'Quan Smith,NOR,WR,25,18,234,13.0,5,17,1.6,21.3,72.0%,9.4,,,,0,,,,18,13.0,234,5,0
239,Jacoby Brissett,IND,QB,1,1,2,2.0,0,0,0.1,0.1,100.0%,2.0,56,228,4,20,4.1,15.2,3.7,57,4.0,230,4,7
240,Ricky Seals-Jones,CLE,/te,22,14,229,16.4,4,10,1.0,16.4,63.6%,10.4,,,,0,,,,14,16.4,229,4,1
241,Josh Hill,NOR,TE,35,25,226,9.0,3,13,1.6,14.1,71.4%,6.5,,,,0,,,,25,9.0,226,3,0
242,Tavon Austin,DAL,,24,13,177,13.6,1,8,0.9,12.6,54.2%,7.4,6,47,1,2,7.8,3.4,0.4,19,11.8,224,2,1
243,Justin Jackson,LAC,,11,9,22,2.4,0,0,1.3,3.1,81.8%,2.0,29,200,0,9,6.9,28.6,4.1,38,5.8,222,0,0
244,Jaron Brown,SEA,WR/wr,28,16,220,13.8,2,10,1.1,15.7,57.1%,7.9,,,,0,,,,16,13.8,220,2,1
245,Zay Jones,2TM,,45,27,216,8.0,0,10,1.8,14.4,60.0%,4.8,1,3,0,0,3.0,0.2,0.1,28,7.8,219,0,0
246,Jake Kumerow,GNB,,21,12,219,18.3,1,8,0.9,15.6,57.1%,10.4,,,,0,,,,12,18.3,219,1,0
247,Patrick Mahomes,KAN,QB,0,0,0,,0,0,0.0,0.0,0.0%,,43,218,2,15,5.1,15.6,3.1,43,5.1,218,2,3
248,Tim Patrick,DEN,,31,16,218,13.6,0,14,2.0,27.3,51.6%,7.0,,,,0,,,,16,13.6,218,0,0
249,Scott Miller,TAM,,26,13,200,15.4,1,5,1.3,20.0,50.0%,7.7,2,16,0,1,8.0,1.6,0.2,15,14.4,216,1,0
250,Delanie Walker,TEN,/te,31,21,215,10.2,2,11,3.0,30.7,67.7%,6.9,,,,0,,,,21,10.2,215,2,1
251,Bennie Fowler,NYG,,36,23,193,8.4,0,12,2.9,24.1,63.9%,5.4,1,20,0,1,20.0,2.5,0.1,24,8.9,213,0,0
252,Wayne Gallman,NYG,,15,11,102,9.3,1,4,1.1,10.2,73.3%,6.8,29,110,2,6,3.8,11.0,2.9,40,5.3,212,3,1
253,Anthony Firkser,TEN,,24,14,204,14.6,1,9,0.9,13.6,58.3%,8.5,,,,0,,,,14,14.6,204,1,0
254,Andy Isabella,ARI,,13,9,189,21.0,1,4,0.6,12.6,69.2%,14.5,4,15,0,0,3.8,1.0,0.3,13,15.7,204,1,0
255,Ameer Abdullah,MIN,,21,15,88,5.9,1,5,0.9,5.5,71.4%,4.2,23,115,0,4,5.0,7.2,1.4,38,5.3,203,1,1
256,Maxx Williams,ARI,TE,19,15,202,13.5,1,11,0.9,12.6,78.9%,10.6,,,,0,,,,15,13.5,202,1,0
257,Marquise Goodwin,SFO,wr,21,12,186,15.5,1,10,1.3,20.7,57.1%,8.9,1,15,0,1,15.0,1.7,0.1,13,15.5,201,1,0
258,Damion Ratley,CLE,,24,12,200,16.7,1,11,0.9,15.4,50.0%,8.3,,,,0,,,,12,16.7,200,1,0
259,Kalen Ballage,MIA,RB,24,14,63,4.5,0,4,1.2,5.3,58.3%,2.6,74,135,3,10,1.8,11.3,6.2,88,2.3,198,3,0
260,Miles Boykin,BAL,WR,22,13,198,15.2,3,10,0.8,12.4,59.1%,9.0,,,,0,,,,13,15.2,198,3,0
261,Trey Quinn,WAS,wr,47,26,198,7.6,1,10,2.2,16.5,55.3%,4.2,,,,0,,,,26,7.6,198,1,1
262,Chester Rogers,IND,wr,28,16,179,11.2,2,11,1.3,14.9,57.1%,6.4,1,18,0,1,18.0,1.5,0.1,17,11.6,197,2,2
263,Justin Hardy,ATL,/wr,26,19,195,10.3,0,9,1.2,12.2,73.1%,7.5,,,,0,,,,19,10.3,195,0,0
264,Ty Montgomery,NYJ,/rb,17,13,90,6.9,0,3,0.8,5.6,76.5%,5.3,32,103,0,2,3.2,6.4,2.0,45,4.3,193,0,0
265,Ito Smith,ATL,,14,11,87,7.9,0,2,1.6,12.4,78.6%,6.2,22,106,1,10,4.8,15.1,3.1,33,5.8,193,1,0
266,Mitchell Trubisky,CHI,QB,0,0,0,,0,0,0.0,0.0,0.0%,,48,193,2,12,4.0,12.9,3.2,48,4.0,193,2,5
267,KeeSean Johnson,ARI,,42,21,187,8.9,1,10,2.1,18.7,50.0%,4.5,1,3,0,0,3.0,0.3,0.1,22,8.6,190,1,1
268,T.J. Yeldon,BUF,,15,13,124,9.5,0,6,2.2,20.7,86.7%,8.3,17,63,0,5,3.7,10.5,2.8,30,6.2,187,0,1
269,Cordarrelle Patterson,CHI,,17,11,83,7.5,0,3,0.7,5.2,64.7%,4.9,17,103,0,4,6.1,6.4,1.1,28,6.6,186,0,0
270,Javon Wims,CHI,wr,39,18,186,10.3,1,9,1.1,11.6,46.2%,4.8,,,,0,,,,18,10.3,186,1,0
271,Ryan Tannehill,TEN,QB,0,0,0,,0,0,0.0,0.0,0.0%,,43,185,4,14,4.3,15.4,3.6,43,4.3,185,4,6
272,Trevor Davis,3TM,,11,8,111,13.9,0,4,0.6,7.9,72.7%,10.1,4,73,1,2,18.3,5.2,0.3,12,15.3,184,1,3
273,Myles Gaskin,MIA,,12,7,51,7.3,0,2,1.0,7.3,58.3%,4.3,36,133,1,7,3.7,19.0,5.1,43,4.3,184,1,0
274,Darrell Henderson,LAR,,6,4,37,9.3,0,1,0.3,2.8,66.7%,6.2,39,147,0,10,3.8,11.3,3.0,43,4.3,184,0,0
275,Laquon Treadwell,MIN,/wr,16,9,184,20.4,1,8,0.7,14.2,56.3%,11.5,,,,0,,,,9,20.4,184,1,0
276,Aaron Rodgers,GNB,QB,0,0,0,,0,0,0.0,0.0,0.0%,,46,183,1,9,4.0,11.4,2.9,46,4.0,183,1,4
277,Dontrelle Inman,2TM,,21,12,181,15.1,0,9,1.7,25.9,57.1%,8.6,,,,0,,,,12,15.1,181,0,0
278,Brandon Bolden,NWE,,11,9,111,12.3,1,6,0.6,7.4,81.8%,10.1,15,68,3,5,4.5,4.5,1.0,24,7.5,179,4,0
279,Foster Moreau,OAK,TE,25,21,174,8.3,5,14,1.6,13.4,84.0%,7.0,,,,0,,,,21,8.3,174,5,0
280,Reggie Bonnafon,CAR,,9,6,57,9.5,0,1,0.4,3.6,66.7%,6.3,16,116,1,2,7.3,7.3,1.0,22,7.9,173,1,0
281,Logan Thomas,DET,/te,28,16,173,10.8,1,10,1.0,10.8,57.1%,6.2,,,,0,,,,16,10.8,173,1,0
282,Ben Watson,NWE,te,24,17,173,10.2,0,9,1.7,17.3,70.8%,7.2,,,,0,,,,17,10.2,173,0,0
283,Darwin Thompson,KAN,,10,9,43,4.8,0,2,0.8,3.6,90.0%,4.3,37,128,1,9,3.5,10.7,3.1,46,3.7,171,1,0
284,Travis Homer,SEA,,13,11,56,5.1,0,3,0.7,3.5,84.6%,4.3,18,114,0,6,6.3,7.1,1.1,29,5.9,170,0,0
285,Byron Pringle,KAN,,16,12,170,14.2,1,7,0.8,10.6,75.0%,10.6,,,,0,,,,12,14.2,170,1,0
286,JJ Arcega-Whiteside,PHI,wr,22,10,169,16.9,1,7,0.6,10.6,45.5%,7.7,,,,0,,,,10,16.9,169,1,0
287,Jakeem Grant,MIA,,33,19,164,8.6,0,9,1.9,16.4,57.6%,5.0,4,5,1,1,1.3,0.5,0.4,23,7.3,169,1,2
288,Rhett Ellison,NYG,fb/te,28,18,167,9.3,1,4,1.8,16.7,64.3%,6.0,,,,0,,,,18,9.3,167,1,0
289,C.J. Ham,MIN,FB,26,17,149,8.8,1,6,1.1,9.3,65.4%,5.7,7,17,0,2,2.4,1.1,0.4,24,6.9,166,1,1
290,Nick Vannett,2TM,,22,17,166,9.8,0,5,1.1,10.4,77.3%,7.5,,,,0,,,,17,9.8,166,0,0
291,Duke Williams,BUF,,19,12,166,13.8,1,8,3.0,41.5,63.2%,8.7,,,,0,,,,12,13.8,166,1,0
292,Kalif Raymond,TEN,,12,9,170,18.9,1,6,1.1,21.3,75.0%,14.2,1,-5,0,0,-5.0,-0.6,0.1,10,16.5,165,1,1
293,Richie James,SFO,,10,6,165,27.5,1,5,0.4,10.3,60.0%,16.5,2,-1,0,0,-0.5,-0.1,0.1,8,20.5,164,1,1
294,DeAndre Carter,HOU,,14,11,162,14.7,0,6,0.7,10.1,78.6%,11.6,,,,0,,,,11,14.7,162,0,2
295,Parris Campbell,IND,,24,18,127,7.1,1,6,2.6,18.1,75.0%,5.3,4,34,0,1,8.5,4.9,0.6,22,7.3,161,1,3
296,DeSean Jackson,PHI,,10,9,159,17.7,2,6,3.0,53.0,90.0%,15.9,,,,0,,,,9,17.7,159,2,0
297,Justin Watson,TAM,,26,15,159,10.6,2,10,0.9,9.9,57.7%,6.1,,,,0,,,,15,10.6,159,2,0
298,Jeff Driskel,DET,/qb,1,1,6,6.0,0,0,0.3,2.0,100.0%,6.0,22,151,1,10,6.9,50.3,7.3,23,6.8,157,1,1
299,Marcedes Lewis,GNB,TE,19,15,156,10.4,1,8,0.9,9.8,78.9%,8.2,,,,0,,,,15,10.4,156,1,0
300,N'Keal Harry,NWE,wr,24,12,105,8.8,2,7,1.7,15.0,50.0%,4.4,5,49,0,4,9.8,7.0,0.7,17,9.1,154,2,0
301,James O'Shaughnessy,JAX,TE,20,14,153,10.9,2,7,2.8,30.6,70.0%,7.7,,,,0,,,,14,10.9,153,2,0
302,Jaeden Graham,ATL,,10,9,149,16.6,1,7,0.6,9.3,90.0%,14.9,,,,0,,,,9,16.6,149,1,0
303,Demetrius Harris,CLE,TE/te,27,15,149,9.9,3,10,1.0,9.9,55.6%,5.5,,,,0,,,,15,9.9,149,3,0
304,C.J. Prosise,SEA,,12,10,76,7.6,0,3,1.1,8.4,83.3%,6.3,23,72,1,4,3.1,8.0,2.6,33,4.5,148,1,1
305,Matt Ryan,ATL,QB,0,0,0,,0,0,0.0,0.0,0.0%,,34,147,1,10,4.3,9.8,2.3,34,4.3,147,1,9
306,Wendell Smallwood,WAS,,13,9,64,7.1,0,4,0.6,4.3,69.2%,4.9,22,81,0,4,3.7,5.4,1.5,31,4.7,145,0,0
307,Jesse James,DET,TE,27,16,142,8.9,0,8,1.0,8.9,59.3%,5.3,,,,0,,,,16,8.9,142,0,0
308,Dontrell Hilliard,CLE,,15,12,92,7.7,0,4,0.9,6.6,80.0%,6.1,13,49,2,3,3.8,3.5,0.9,25,5.6,141,2,2
309,Baker Mayfield,CLE,QB,0,0,0,,0,0,0.0,0.0,0.0%,,28,141,3,15,5.0,8.8,1.8,28,5.0,141,3,6
310,Seth Devalve,JAX,te,18,12,140,11.7,0,7,1.0,11.7,66.7%,7.8,,,,0,,,,12,11.7,140,0,0
311,Trey Edmunds,PIT,,7,6,48,8.0,0,2,0.5,4.4,85.7%,6.9,22,92,0,2,4.2,8.4,2.0,28,5.0,140,0,0
312,Jeff Wilson,SFO,,5,3,34,11.3,1,1,0.3,3.4,60.0%,6.8,27,105,4,9,3.9,10.5,2.7,30,4.6,139,5,0
313,Ian Thomas,CAR,,30,16,136,8.5,1,10,1.0,8.5,53.3%,4.5,,,,0,,,,16,8.5,136,1,0
314,Derek Carrier,OAK,,19,13,108,8.3,1,4,0.8,6.8,68.4%,5.7,1,27,0,1,27.0,1.7,0.1,14,9.6,135,1,0
315,Keelan Doss,OAK,,14,11,133,12.1,0,6,1.4,16.6,78.6%,9.5,,,,0,,,,11,12.1,133,0,0
316,Matt LaCosse,NWE,TE,19,13,131,10.1,1,6,1.2,11.9,68.4%,6.9,,,,0,,,,13,10.1,131,1,0
317,Kerrith Whyte Jr,PIT,,1,1,9,9.0,0,1,0.2,1.5,100.0%,9.0,24,122,0,5,5.1,20.3,4.0,25,5.2,131,0,0
318,Marcus Mariota,TEN,qb,0,0,0,,0,0,0.0,0.0,0.0%,,24,129,0,5,5.4,18.4,3.4,24,5.4,129,0,3
319,Dan Arnold,2TM,,14,8,127,15.9,2,6,1.6,25.4,57.1%,9.1,,,,0,,,,8,15.9,127,2,0
320,Mack Hollins,2TM,,23,10,125,12.5,0,7,0.6,7.8,43.5%,5.4,,,,0,,,,10,12.5,125,0,0
321,Deon Cain,2TM,,20,9,124,13.8,0,7,0.7,9.5,45.0%,6.2,,,,0,,,,9,13.8,124,0,0
322,Vernon Davis,WAS,/te,19,10,123,12.3,1,4,2.5,30.8,52.6%,6.5,,,,0,,,,10,12.3,123,1,0
323,Marcell Ateman,OAK,,10,5,116,23.2,0,4,0.5,10.5,50.0%,11.6,,,,0,,,,5,23.2,116,0,1
324,Braxton Berrios,NYJ,,13,6,115,19.2,0,3,0.4,7.2,46.2%,8.8,,,,0,,,,6,19.2,115,0,1
325,Olamide Zaccheaus,ATL,,5,3,115,38.3,1,2,0.3,11.5,60.0%,23.0,,,,0,,,,3,38.3,115,1,0
326,Jeff Heuerman,DEN,TE,20,14,114,8.1,1,9,1.0,8.1,70.0%,5.7,,,,0,,,,14,8.1,114,1,0
327,Ryan Izzo,NWE,,9,6,114,19.0,1,4,1.0,19.0,66.7%,12.7,,,,0,,,,6,19.0,114,1,0
328,Tommy Sweeney,BUF,,13,8,114,14.3,0,4,1.3,19.0,61.5%,8.8,,,,0,,,,8,14.3,114,0,0
329,Devin Smith,DAL,,9,5,113,22.6,1,4,1.3,28.3,55.6%,12.6,,,,0,,,,5,22.6,113,1,0
330,Nick O'Leary,2TM,,18,13,109,8.4,1,4,1.1,9.1,72.2%,6.1,,,,0,,,,13,8.4,109,1,1
331,Dante Pettis,SFO,,24,11,109,9.9,2,7,1.0,9.9,45.8%,4.5,,,,0,,,,11,9.9,109,2,0
332,Kyle Allen,CAR,QB,0,0,0,,0,0,0.0,0.0,0.0%,,32,106,2,9,3.3,8.2,2.5,32,3.3,106,2,13
333,Brandon Zylstra,CAR,,12,8,106,13.3,0,5,1.0,13.3,66.7%,8.8,,,,0,,,,8,13.3,106,0,1
334,Hale Hentges,WAS,,14,8,103,12.9,1,6,0.7,9.4,57.1%,7.4,,,,0,,,,8,12.9,103,1,0
335,Dwayne Haskins,WAS,qb,0,0,0,,0,0,0.0,0.0,0.0%,,20,101,0,7,5.1,11.2,2.2,20,5.1,101,0,6
336,Robert Tonyan,GNB,,15,10,100,10.0,1,4,0.9,9.1,66.7%,6.7,,,,0,,,,10,10.0,100,1,0
337,Danny Vitale,GNB,,12,7,97,13.9,0,3,0.5,6.5,58.3%,8.1,1,3,0,0,3.0,0.2,0.1,8,12.5,100,0,0
338,Mo Alie-Cox,IND,,11,8,93,11.6,0,5,0.5,5.8,72.7%,8.5,,,,0,,,,8,11.6,93,0,0
339,Andrew Beck,DEN,te,12,9,90,10.0,1,6,0.6,5.6,75.0%,7.5,1,3,0,1,3.0,0.2,0.1,10,9.3,93,1,0
340,Robert Foster,BUF,,18,3,64,21.3,0,3,0.2,4.9,16.7%,3.6,2,29,0,1,14.5,2.2,0.2,5,18.6,93,0,0
341,Jon Hilliman,NYG,,4,3,1,0.3,0,0,1.0,0.3,75.0%,0.3,30,91,0,6,3.0,30.3,10.0,33,2.8,92,0,2
342,D'Ernest Johnson,CLE,,7,6,71,11.8,0,1,0.4,4.4,85.7%,10.1,4,21,0,0,5.3,1.3,0.3,10,9.2,92,0,0
343,Christian Blake,ATL,,24,11,91,8.3,0,5,1.2,10.1,45.8%,3.8,,,,0,,,,11,8.3,91,0,0
344,Ross Dwelley,SFO,te,22,15,91,6.1,2,8,0.9,5.7,68.2%,4.1,,,,0,,,,15,6.1,91,2,0
345,J.P. Holtz,2TM,,8,7,91,13.0,0,4,0.5,6.1,87.5%,11.4,,,,0,,,,7,13.0,91,0,0
346,MyCole Pruitt,TEN,TE,8,6,90,15.0,1,4,0.4,5.6,75.0%,11.3,,,,0,,,,6,15.0,90,1,0
347,Darren Sproles,PHI,/rb,10,6,24,4.0,0,1,1.0,4.0,60.0%,2.4,17,66,0,3,3.9,11.0,2.8,23,3.9,90,0,1
348,Antonio Callaway,CLE,,15,8,89,11.1,0,3,2.0,22.3,53.3%,5.9,,,,0,,,,8,11.1,89,0,0
349,Jesper Horsted,CHI,,10,8,87,10.9,1,4,1.3,14.5,80.0%,8.7,,,,0,,,,8,10.9,87,1,1
350,Joshua Perkins,PHI,,13,9,87,9.7,1,5,1.8,17.4,69.2%,6.7,,,,0,,,,9,9.7,87,1,0
351,Trey Burton,CHI,te,24,14,84,6.0,0,5,1.8,10.5,58.3%,3.5,,,,0,,,,14,6.0,84,0,0
352,Derek Carr,OAK,QB,0,0,0,,0,0,0.0,0.0,0.0%,,27,82,2,7,3.0,5.1,1.7,27,3.0,82,2,7
353,Damion Willis,CIN,,16,9,82,9.1,0,3,0.9,8.2,56.3%,5.1,,,,0,,,,9,9.1,82,0,0
354,Trent Sherfield,ARI,,13,4,80,20.0,0,4,0.3,5.0,30.8%,6.2,,,,0,,,,4,20.0,80,0,0
355,Luke Willson,SEA,te,10,8,79,9.9,0,5,1.0,9.9,80.0%,7.9,,,,0,,,,8,9.9,79,0,0
356,Virgil Green,LAC,,13,9,78,8.7,1,4,0.6,5.2,69.2%,6.0,,,,0,,,,9,8.7,78,1,0
357,Ryan Finley,CIN,,0,0,0,,0,0,0.0,0.0,0.0%,,10,77,0,4,7.7,25.7,3.3,10,7.7,77,0,4
358,KhaDarel Hodge,CLE,,10,4,76,19.0,0,3,0.3,4.8,40.0%,7.6,,,,0,,,,4,19.0,76,0,0
359,Adam Shaheen,CHI,,13,9,74,8.2,0,3,1.1,9.3,69.2%,5.7,,,,0,,,,9,8.2,74,0,1
360,Spencer Ware,KAN,,7,5,22,4.4,0,1,1.7,7.3,71.4%,3.1,17,51,0,3,3.0,17.0,5.7,22,3.3,73,0,1
361,Daniel Brown,NYJ,wr,11,7,72,10.3,1,4,0.4,4.5,63.6%,6.5,,,,0,,,,7,10.3,72,1,0
362,Drew Lock,DEN,qb,0,0,0,,0,0,0.0,0.0,0.0%,,18,72,0,5,4.0,14.4,3.6,18,4.0,72,0,3
363,Tyler Kroft,BUF,,14,6,71,11.8,1,5,0.5,6.5,42.9%,5.1,,,,0,,,,6,11.8,71,1,0
364,Chad Beebe,MIN,,2,2,70,35.0,0,2,0.7,23.3,100.0%,35.0,,,,0,,,,2,35.0,70,0,3
365,Robert Griffin III,BAL,,0,0,0,,0,0,0.0,0.0,0.0%,,20,70,0,5,3.5,10.0,2.9,20,3.5,70,0,0
366,Andy Dalton,CIN,QB,1,1,-4,-4.0,0,0,0.1,-0.3,100.0%,-4.0,32,73,4,12,2.3,5.6,2.5,33,2.1,69,4,8
367,Riley Ridley,CHI,,7,6,69,11.5,0,4,1.2,13.8,85.7%,9.9,,,,0,,,,6,11.5,69,0,0
368,Devlin Hodges,PIT,qb,0,0,0,,0,0,0.0,0.0,0.0%,,21,68,0,5,3.2,8.5,2.6,21,3.2,68,0,5
369,Blake Bell,KAN,TE/te,15,8,67,8.4,0,3,0.5,4.5,53.3%,4.5,,,,0,,,,8,8.4,67,0,0
370,Chris Hogan,CAR,/wr,15,8,67,8.4,0,3,1.1,9.6,53.3%,4.5,,,,0,,,,8,8.4,67,0,0
371,Devontae Booker,DEN,,9,6,57,9.5,0,1,0.4,3.6,66.7%,6.3,2,9,0,0,4.5,0.6,0.1,8,8.3,66,0,0
372,Tra Carson,2TM,,4,4,18,4.5,0,0,1.3,6.0,100.0%,4.5,18,48,0,3,2.7,16.0,6.0,22,3.0,66,0,0
373,Rico Gafford,OAK,,2,2,66,33.0,1,2,0.5,16.5,100.0%,33.0,,,,0,,,,2,33.0,66,1,0
374,Matthew Stafford,DET,QB,0,0,0,,0,0,0.0,0.0,0.0%,,20,66,0,5,3.3,8.3,2.5,20,3.3,66,0,5
375,Dwayne Washington,NOR,,1,1,6,6.0,0,0,0.1,0.4,100.0%,6.0,8,60,0,2,7.5,3.8,0.5,9,7.3,66,0,0
376,Durham Smythe,MIA,TE,14,7,65,9.3,0,2,0.4,4.1,50.0%,4.6,,,,0,,,,7,9.3,65,0,0
377,Geoff Swaim,JAX,/te,17,13,65,5.0,0,1,2.2,10.8,76.5%,3.8,,,,0,,,,13,5.0,65,0,0
378,Kirk Cousins,MIN,QB,1,0,0,,0,0,0.0,0.0,0.0%,0.0,31,63,1,8,2.0,4.2,2.1,31,2.0,63,1,10
379,Sam Darnold,NYJ,QB,0,0,0,,0,0,0.0,0.0,0.0%,,33,62,2,6,1.9,4.8,2.5,33,1.9,62,2,11
380,Jimmy Garoppolo,SFO,QB,0,0,0,,0,0,0.0,0.0,0.0%,,46,62,1,13,1.3,3.9,2.9,46,1.3,62,1,10
381,Anthony Levine,BAL,,0,0,0,,0,0,0.0,0.0,0.0%,,2,62,0,2,31.0,3.9,0.1,2,31.0,62,0,0
382,Antonio Brown,NWE,,8,4,56,14.0,1,3,4.0,56.0,50.0%,7.0,1,5,0,1,5.0,5.0,1.0,5,12.2,61,1,0
383,Alec Ingold,OAK,,6,6,44,7.3,1,4,0.4,2.8,100.0%,7.3,10,17,0,7,1.7,1.1,0.6,16,3.8,61,1,0
384,Tevin Jones,PIT,,10,4,61,15.3,0,1,0.8,12.2,40.0%,6.1,,,,0,,,,4,15.3,61,0,0
385,Clive Walford,MIA,,8,4,57,14.3,0,4,0.6,8.1,50.0%,7.1,0,4,0,0,,0.6,0.0,4,15.3,61,0,0
386,Chris Lacy,DET,,10,3,60,20.0,0,2,0.4,8.6,30.0%,6.0,,,,0,,,,3,20.0,60,0,0
387,Ben Braunecker,CHI,,11,6,59,9.8,1,5,0.5,5.4,54.5%,5.4,,,,0,,,,6,9.8,59,1,0
388,Tyler Conklin,MIN,,10,8,58,7.3,0,2,0.5,3.9,80.0%,5.8,,,,0,,,,8,7.3,58,0,0
389,Qadree Ollison,ATL,,2,1,7,7.0,0,1,0.1,0.9,50.0%,3.5,22,50,4,6,2.3,6.3,2.8,23,2.5,57,4,1
390,Zach Line,NOR,/fb,10,6,36,6.0,0,1,0.5,3.0,60.0%,3.6,7,20,0,5,2.9,1.7,0.6,13,4.3,56,0,0
391,Andre Patton,LAC,WR,17,6,56,9.3,0,4,0.5,4.3,35.3%,3.3,,,,0,,,,6,9.3,56,0,0
392,Deonte Harris,NOR,,6,6,24,4.0,0,2,0.4,1.7,100.0%,4.0,4,31,0,2,7.8,2.2,0.3,10,5.5,55,0,3
393,Rashard Higgins,CLE,,11,4,55,13.8,1,3,0.4,5.5,36.4%,5.0,,,,0,,,,4,13.8,55,1,0
394,Khari Blasingame,TEN,,5,4,54,13.5,0,2,0.7,9.0,80.0%,10.8,,,,0,,,,4,13.5,54,0,0
395,Luke Stocker,ATL,te,14,8,53,6.6,0,2,0.5,3.5,57.1%,3.8,,,,0,,,,8,6.6,53,0,1
396,Stephen Carlson,CLE,te,7,5,51,10.2,1,2,0.6,5.7,71.4%,7.3,,,,0,,,,5,10.2,51,1,0
397,Ross Travis,IND,,6,4,51,12.8,0,1,1.3,17.0,66.7%,8.5,,,,0,,,,4,12.8,51,0,1
398,DeAndrew White,CAR,,9,4,51,12.8,0,3,0.4,5.1,44.4%,5.7,,,,0,,,,4,12.8,51,0,0
399,Kenjon Barner,ATL,,8,6,22,3.7,0,1,0.4,1.6,75.0%,2.8,4,28,0,1,7.0,2.0,0.3,10,5.0,50,0,4
400,David Blough,DET,qb,1,1,19,19.0,1,1,0.2,3.8,100.0%,19.0,8,31,0,1,3.9,6.2,1.6,9,5.6,50,1,1
401,Lance Kendricks,LAC,/te,7,3,50,16.7,0,3,0.3,4.2,42.9%,7.1,,,,0,,,,3,16.7,50,0,0
402,Devine Ozigbo,JAX,,5,3,23,7.7,0,1,0.3,2.3,60.0%,4.6,9,27,0,1,3.0,2.7,0.9,12,4.2,50,0,0
403,Deon Yelder,KAN,,4,3,50,16.7,0,2,0.3,5.6,75.0%,12.5,,,,0,,,,3,16.7,50,0,0
404,Mike Davis,2TM,,8,7,22,3.1,0,1,0.6,1.8,87.5%,2.8,13,27,0,0,2.1,2.3,1.1,20,2.5,49,0,0
405,Taiwan Jones,HOU,,1,1,9,9.0,0,0,0.1,0.8,100.0%,9.0,9,40,0,3,4.4,3.6,0.8,10,4.9,49,0,0
406,Trevon Wesco,NYJ,,3,2,47,23.5,0,2,0.1,2.9,66.7%,15.7,1,2,0,1,2.0,0.1,0.1,3,16.3,49,0,0
407,Deontay Burnett,PHI,,4,2,48,24.0,0,1,2.0,48.0,50.0%,12.0,,,,0,,,,2,24.0,48,0,0
408,Patrick DiMarco,BUF,fb,7,5,41,8.2,0,1,0.3,2.6,71.4%,5.9,3,7,0,0,2.3,0.4,0.2,8,6.0,48,0,0
409,Elijhaa Penny,NYG,,4,2,9,4.5,0,0,0.1,0.6,50.0%,2.3,15,39,0,2,2.6,2.4,0.9,17,2.8,48,0,0
410,Patrick Ricard,BAL,FB,11,8,47,5.9,1,3,0.5,2.9,72.7%,4.3,,,,0,,,,8,5.9,47,1,0
411,Alexander Hollins,MIN,,4,2,46,23.0,0,2,0.4,9.2,50.0%,11.5,,,,0,,,,2,23.0,46,0,0
412,Cedrick Wilson,DAL,,8,5,46,9.2,0,2,0.8,7.7,62.5%,5.8,,,,0,,,,5,9.2,46,0,0
413,Javorius Allen,NYG,,2,1,9,9.0,0,0,0.1,0.9,50.0%,4.5,10,36,1,3,3.6,3.6,1.0,11,4.1,45,1,0
414,C.J. Anderson,DET,,0,0,0,,0,0,0.0,0.0,0.0%,,16,43,0,1,2.7,21.5,8.0,16,2.7,43,0,0
415,Andy Janovich,DEN,/fb,5,5,42,8.4,0,1,0.7,6.0,100.0%,8.4,1,1,1,1,1.0,0.1,0.1,6,7.2,43,1,0
416,Jason Moore,LAC,,5,2,43,21.5,0,2,0.2,4.3,40.0%,8.6,,,,0,,,,2,21.5,43,0,0
417,Mason Rudolph,PIT,QB,0,0,0,,0,0,0.0,0.0,0.0%,,21,42,0,6,2.0,4.2,2.1,21,2.0,42,0,4
418,Derek Watt,LAC,/fb,5,3,32,10.7,0,1,0.2,2.0,60.0%,6.4,7,10,1,6,1.4,0.6,0.4,10,4.2,42,1,0
419,Brett Hundley,ARI,,0,0,0,,0,0,0.0,0.0,0.0%,,7,41,0,3,5.9,13.7,2.3,7,5.9,41,0,0
420,David Njoku,CLE,,10,5,41,8.2,1,3,1.3,10.3,50.0%,4.1,,,,0,,,,5,8.2,41,1,0
421,Jared Goff,LAR,QB,0,0,0,,0,0,0.0,0.0,0.0%,,33,40,2,5,1.2,2.5,2.1,33,1.2,40,2,10
422,Brandon Allen,DEN,,0,0,0,,0,0,0.0,0.0,0.0%,,10,39,0,4,3.9,13.0,3.3,10,3.9,39,0,0
423,A.J. McCarron,HOU,,0,0,0,,0,0,0.0,0.0,0.0%,,5,39,1,3,7.8,19.5,2.5,5,7.8,39,1,0
424,Geremy Davis,LAC,/wr,3,3,38,12.7,0,1,0.4,5.4,100.0%,12.7,,,,0,,,,3,12.7,38,0,0
425,Troy Fumagalli,DEN,te,9,6,38,6.3,1,1,0.5,3.5,66.7%,4.2,,,,0,,,,6,6.3,38,1,0
426,T.J. Jones,NYG,,4,3,38,12.7,1,2,1.0,12.7,75.0%,9.5,,,,0,,,,3,12.7,38,1,3
427,Paul Perkins,DET,,1,1,9,9.0,0,0,0.3,2.3,100.0%,9.0,12,29,0,3,2.4,7.3,3.0,13,2.9,38,0,0
428,Elandon Roberts,NWE,/il,1,1,38,38.0,1,1,0.1,2.4,100.0%,38.0,,,,0,,,,1,38.0,38,1,0
429,Steven Mitchell,HOU,,6,2,37,18.5,0,2,0.7,12.3,33.3%,6.2,,,,0,,,,2,18.5,37,0,0
430,Diontae Spencer,DEN,,8,6,31,5.2,0,1,0.4,1.9,75.0%,3.9,3,6,0,0,2.0,0.4,0.2,9,4.1,37,0,3
431,JJ Nelson,OAK,,5,4,36,9.0,1,1,2.0,18.0,80.0%,7.2,,,,0,,,,4,9.0,36,1,0
432,Ty Sambrailo,ATL,,1,1,35,35.0,1,1,0.1,2.7,100.0%,35.0,,,,0,,,,1,35.0,35,1,0
433,Bobo Wilson,TAM,,11,3,35,11.7,0,2,0.5,5.8,27.3%,3.2,,,,0,,,,3,11.7,35,0,3
434,Tom Brady,NWE,QB,0,0,0,,0,0,0.0,0.0,0.0%,,26,34,3,8,1.3,2.1,1.6,26,1.3,34,3,4
435,Ishmael Hyman,TAM,,4,2,34,17.0,0,2,1.0,17.0,50.0%,8.5,,,,0,,,,2,17.0,34,0,0
436,Marshawn Lynch,SEA,,0,0,0,,0,0,0.0,0.0,0.0%,,12,34,1,2,2.8,34.0,12.0,12,2.8,34,1,0
437,Gunner Olszewski,NWE,,4,2,34,17.0,0,1,0.3,4.3,50.0%,8.5,,,,0,,,,2,17.0,34,0,1
438,Troymaine Pope,LAC,,3,2,14,7.0,1,1,0.1,1.0,66.7%,4.7,10,20,0,0,2.0,1.4,0.7,12,2.8,34,1,1
439,Jordan Matthews,2TM,,12,4,33,8.3,0,1,1.3,11.0,33.3%,2.8,,,,0,,,,4,8.3,33,0,0
440,Devin Funchess,IND,/wr,5,3,32,10.7,0,2,3.0,32.0,60.0%,6.4,,,,0,,,,3,10.7,32,0,0
441,C.J. Board,JAX,,4,2,31,15.5,0,1,0.5,7.8,50.0%,7.8,,,,0,,,,2,15.5,31,0,0
442,Teddy Bridgewater,NOR,qb,0,0,0,,0,0,0.0,0.0,0.0%,,28,31,0,4,1.1,3.4,3.1,28,1.1,31,0,1
443,Anthony Sherman,KAN,,3,2,22,11.0,0,2,0.1,1.4,66.7%,7.3,4,9,0,3,2.3,0.6,0.3,6,5.2,31,0,0
444,Lee Smith,BUF,wr,5,4,31,7.8,1,2,0.3,1.9,80.0%,6.2,,,,0,,,,4,7.8,31,1,0
445,Jay Ajayi,PHI,,1,0,0,,0,0,0.0,0.0,0.0%,0.0,10,30,0,3,3.0,10.0,3.3,10,3.0,30,0,0
446,Travis Benjamin,LAC,/wr,16,6,30,5.0,0,3,1.2,6.0,37.5%,1.9,,,,0,,,,6,5.0,30,0,0
447,Johnny Holton,PIT,/wr,15,3,21,7.0,0,1,0.2,1.3,20.0%,1.4,1,9,0,1,9.0,0.6,0.1,4,7.5,30,0,0
448,Codey McElroy,TAM,,1,1,30,30.0,0,1,1.0,30.0,100.0%,30.0,,,,0,,,,1,30.0,30,0,0
449,Drew Sample,CIN,,6,5,30,6.0,0,1,0.6,3.3,83.3%,5.0,,,,0,,,,5,6.0,30,0,0
450,Philip Rivers,LAC,QB,0,0,0,,0,0,0.0,0.0,0.0%,,12,29,0,2,2.4,1.8,0.8,12,2.4,29,0,8
451,Nick Scott,LAR,,1,1,23,23.0,0,1,0.1,1.4,100.0%,23.0,1,6,0,0,6.0,0.4,0.1,2,14.5,29,0,0
452,Cody Core,NYG,,5,3,28,9.3,0,2,0.2,1.8,60.0%,5.6,,,,0,,,,3,9.3,28,0,0
453,Pharaoh Brown,CLE,TE,3,2,27,13.5,0,1,0.2,3.0,66.7%,9.0,,,,0,,,,2,13.5,27,0,0
454,Andre Roberts,BUF,,7,3,20,6.7,0,1,0.2,1.5,42.9%,2.9,1,7,0,0,7.0,0.5,0.1,4,6.8,27,0,1
455,Da'Mari Scott,NYG,,3,2,22,11.0,0,2,0.4,4.4,66.7%,7.3,1,5,0,0,5.0,1.0,0.2,3,9.0,27,0,0
456,Cam Sims,WAS,,3,2,27,13.5,0,1,0.3,3.9,66.7%,9.0,,,,0,,,,2,13.5,27,0,0
457,Ryan Switzer,PIT,,11,8,27,3.4,0,2,0.9,3.0,72.7%,2.5,,,,0,,,,8,3.4,27,0,1
458,Dalyn Dawkins,TEN,,1,0,0,,0,0,0.0,0.0,0.0%,0.0,11,26,0,2,2.4,13.0,5.5,11,2.4,26,0,0
459,Tanner Hudson,TAM,,5,2,26,13.0,0,1,0.2,2.9,40.0%,5.2,,,,0,,,,2,13.0,26,0,0
460,Johnny Mundt,LAR,,7,4,26,6.5,0,1,0.3,2.0,57.1%,3.7,,,,0,,,,4,6.5,26,0,0
461,Russell Shepard,NYG,,8,3,25,8.3,0,1,1.0,8.3,37.5%,3.1,,,,0,,,,3,8.3,25,0,0
462,Nick Bellore,SEA,,2,2,23,11.5,1,2,0.1,1.6,100.0%,11.5,,,,0,,,,2,11.5,23,1,0
463,Nick Foles,JAX,/qb,0,0,0,,0,0,0.0,0.0,0.0%,,4,23,0,2,5.8,5.8,1.0,4,5.8,23,0,2
464,T.J. Logan,TAM,,3,2,13,6.5,0,1,0.2,1.1,66.7%,4.3,3,10,0,0,3.3,0.8,0.3,5,4.6,23,0,0
465,Michael Crabtree,ARI,,5,4,22,5.5,0,0,2.0,11.0,80.0%,4.4,,,,0,,,,4,5.5,22,0,0
466,Will Grier,CAR,,0,0,0,,0,0,0.0,0.0,0.0%,,7,22,0,2,3.1,11.0,3.5,7,3.1,22,0,1
467,Wes Hills,DET,,2,2,1,0.5,0,0,2.0,1.0,100.0%,0.5,10,21,2,3,2.1,21.0,10.0,12,1.8,22,2,0
468,Fred Brown,DEN,,3,2,21,10.5,0,1,0.2,1.6,66.7%,7.0,,,,0,,,,2,10.5,21,0,1
469,Tyler Ervin,2TM,,4,2,11,5.5,0,1,0.2,1.1,50.0%,2.8,1,10,0,1,10.0,1.0,0.1,3,7.0,21,0,2
470,Chris Moore,BAL,,5,3,21,7.0,0,0,0.2,1.5,60.0%,4.2,1,0,0,0,0.0,0.0,0.1,4,5.3,21,0,0
471,Eric Saubert,CHI,,3,2,21,10.5,0,1,1.0,10.5,66.7%,7.0,,,,0,,,,2,10.5,21,0,0
472,Keith Smith,ATL,fb,3,1,13,13.0,0,1,0.1,0.8,33.3%,4.3,5,8,0,4,1.6,0.5,0.3,6,3.5,21,0,0
473,Josh Bellamy,NYJ,,3,2,20,10.0,0,1,0.3,2.9,66.7%,6.7,,,,0,,,,2,10.0,20,0,0
474,Joe Flacco,DEN,QB/qb,0,0,0,,0,0,0.0,0.0,0.0%,,12,20,0,4,1.7,2.5,1.5,12,1.7,20,0,8
475,Marqise Lee,JAX,,4,3,18,6.0,0,2,0.5,3.0,75.0%,4.5,1,1,0,0,1.0,0.2,0.2,4,4.8,19,0,0
476,Donte Moncrief,2TM,,15,4,18,4.5,0,1,0.5,2.3,26.7%,1.2,,,,0,,,,4,4.5,18,0,0
477,Stanley Morgan Jr.,CIN,,10,3,18,6.0,0,0,0.3,1.6,30.0%,1.8,,,,0,,,,3,6.0,18,0,0
478,Alex Armah,CAR,,2,2,6,3.0,0,0,0.1,0.4,100.0%,3.0,6,11,1,1,1.8,0.7,0.4,8,2.1,17,1,0
479,Nick Bawden,DET,,6,4,17,4.3,0,1,0.4,1.7,66.7%,2.8,,,,0,,,,4,4.3,17,0,0
480,Robert Davis,2TM,,5,2,17,8.5,0,2,0.3,2.8,40.0%,3.4,,,,0,,,,2,8.5,17,0,0
481,Ashton Dulin,IND,,2,2,17,8.5,0,0,0.2,1.3,100.0%,8.5,,,,0,,,,2,8.5,17,0,0
482,Darius Jennings,TEN,,5,2,17,8.5,0,2,0.3,2.1,40.0%,3.4,,,,0,,,,2,8.5,17,0,0
483,Zach Zenner,3TM,,3,2,19,9.5,0,2,0.4,3.8,66.7%,6.3,3,-2,0,0,-0.7,-0.4,0.6,5,3.4,17,0,0
484,Rashard Davis,TEN,,1,1,16,16.0,0,1,1.0,16.0,100.0%,16.0,,,,0,,,,1,16.0,16,0,0
485,Samaje Perine,2TM,,0,0,0,,0,0,0.0,0.0,0.0%,,5,16,0,1,3.2,2.3,0.7,5,3.2,16,0,0
486,Ventell Bryant,DAL,,1,1,15,15.0,1,1,0.1,1.3,100.0%,15.0,,,,0,,,,1,15.0,15,1,0
487,Josh Oliver,JAX,,6,3,15,5.0,0,0,0.8,3.8,50.0%,2.5,,,,0,,,,3,5.0,15,0,0
488,Michael Walker,JAX,,3,2,15,7.5,0,1,0.3,2.1,66.7%,5.0,,,,0,,,,2,7.5,15,0,2
489,Ryan Grant,OAK,,9,4,14,3.5,0,1,2.0,7.0,44.4%,1.6,,,,0,,,,4,3.5,14,0,0
490,Colt McCoy,WAS,/qb,0,0,0,,0,0,0.0,0.0,0.0%,,2,14,0,1,7.0,14.0,2.0,2,7.0,14,0,2
491,Mike Thomas,LAR,,5,2,14,7.0,0,1,0.1,0.9,40.0%,2.8,,,,0,,,,2,7.0,14,0,0
492,Cethan Carter,CIN,,3,2,13,6.5,1,2,0.1,0.9,66.7%,4.3,,,,0,,,,2,6.5,13,1,0
493,Cody Hollister,TEN,,2,2,13,6.5,0,0,0.4,2.6,100.0%,6.5,,,,0,,,,2,6.5,13,0,0
494,Isaac Nauta,DET,,3,2,13,6.5,0,1,0.3,2.2,66.7%,4.3,,,,0,,,,2,6.5,13,0,0
495,Josh Rosen,MIA,,0,0,0,,0,0,0.0,0.0,0.0%,,3,13,0,0,4.3,2.2,0.5,3,4.3,13,0,1
496,Josh Adams,NYJ,,0,0,0,,0,0,0.0,0.0,0.0%,,8,12,0,1,1.5,4.0,2.7,8,1.5,12,0,0
497,Sean Culkin,LAC,,2,1,12,12.0,0,1,0.3,3.0,50.0%,6.0,,,,0,,,,1,12.0,12,0,0
498,Damien Harris,NWE,,0,0,0,,0,0,0.0,0.0,0.0%,,4,12,0,0,3.0,6.0,2.0,4,3.0,12,0,0
499,Case Keenum,WAS,QB/qb,0,0,0,,0,0,0.0,0.0,0.0%,,9,12,1,2,1.3,1.2,0.9,9,1.3,12,1,6
500,Jeff Smith,NYJ,,2,1,12,12.0,0,1,1.0,12.0,50.0%,6.0,,,,0,,,,1,12.0,12,0,0
501,Antony Auclair,TAM,te,3,1,11,11.0,0,1,0.1,1.4,33.3%,3.7,,,,0,,,,1,11.0,11,0,0
502,Kevin Byard,TEN,FS,1,1,11,11.0,0,1,0.1,0.7,100.0%,11.0,,,,0,,,,1,11.0,11,0,0
503,John Franklin,TAM,,0,0,0,,0,0,0.0,0.0,0.0%,,1,11,0,1,11.0,11.0,1.0,1,11.0,11,0,0
504,Chris Manhertz,CAR,te,1,1,11,11.0,0,1,0.1,0.7,100.0%,11.0,,,,0,,,,1,11.0,11,0,0
505,Scott Simonson,NYG,/te,2,2,11,5.5,0,1,0.4,2.2,100.0%,5.5,,,,0,,,,2,5.5,11,0,0
506,De'Anthony Thomas,2TM,,2,1,6,6.0,0,0,0.1,0.4,50.0%,3.0,2,5,0,1,2.5,0.4,0.1,3,3.7,11,0,3
507,John Ursua,SEA,,1,1,11,11.0,0,1,0.3,3.7,100.0%,11.0,,,,0,,,,1,11.0,11,0,0
508,Dexter Williams,GNB,,0,0,0,,0,0,0.0,0.0,0.0%,,5,11,0,0,2.2,2.8,1.3,5,2.2,11,0,0
509,Buddy Howell,HOU,,0,0,0,,0,0,0.0,0.0,0.0%,,5,10,0,1,2.0,0.6,0.3,5,2.0,10,0,0
510,Levine Toilolo,SFO,,2,2,10,5.0,0,0,0.2,0.8,100.0%,5.0,,,,0,,,,2,5.0,10,0,0
511,Austin Carr,NOR,,4,1,9,9.0,0,1,0.2,1.5,25.0%,2.3,,,,0,,,,1,9.0,9,0,0
512,Josh Ferguson,WAS,,0,0,0,,0,0,0.0,0.0,0.0%,,3,9,0,1,3.0,4.5,1.5,3,3.0,9,0,0
513,John Kelly,LAR,,0,0,0,,0,0,0.0,0.0,0.0%,,3,9,0,0,3.0,2.3,0.8,3,3.0,9,0,0
514,Ben Koyack,JAX,te,3,1,9,9.0,0,0,0.1,0.8,33.3%,3.0,,,,0,,,,1,9.0,9,0,0
515,Jordan Scarlett,CAR,,0,0,0,,0,0,0.0,0.0,0.0%,,4,9,0,0,2.3,1.0,0.4,4,2.3,9,0,0
516,Ryan Nall,CHI,,0,0,0,,0,0,0.0,0.0,0.0%,,2,8,0,1,4.0,1.0,0.3,2,4.0,8,0,0
517,Ricky Ortiz,NOR,,1,1,8,8.0,0,0,1.0,8.0,100.0%,8.0,,,,0,,,,1,8.0,8,0,0
518,Jordan Thomas,HOU,,3,1,8,8.0,0,0,0.2,1.6,33.3%,2.7,,,,0,,,,1,8.0,8,0,0
519,Jamal Agnew,DET,,2,1,-2,-2.0,0,0,0.1,-0.2,50.0%,-1.0,1,9,0,1,9.0,0.7,0.1,2,3.5,7,0,1
520,Tony Brooks-James,PIT,,0,0,0,,0,0,0.0,0.0,0.0%,,8,7,0,0,0.9,2.3,2.7,8,0.9,7,0,0
521,Cody Davis,JAX,,1,1,7,7.0,0,1,0.1,0.4,100.0%,7.0,,,,0,,,,1,7.0,7,0,0
522,Dwayne Harris,OAK,,1,1,7,7.0,0,0,0.3,2.3,100.0%,7.0,,,,0,,,,1,7.0,7,0,0
523,Chris Herndon,NYJ,,2,1,7,7.0,0,0,1.0,7.0,50.0%,3.5,,,,0,,,,1,7.0,7,0,0
524,Eli Manning,NYG,/qb,0,0,0,,0,0,0.0,0.0,0.0%,,4,7,0,1,1.8,1.8,1.0,4,1.8,7,0,3
525,Ben Roethlisberger,PIT,,0,0,0,,0,0,0.0,0.0,0.0%,,1,7,0,0,7.0,3.5,0.5,1,7.0,7,0,1
526,Tyrod Taylor,LAC,,1,0,0,,0,0,0.0,0.0,0.0%,0.0,10,7,0,1,0.7,0.9,1.3,10,0.7,7,0,0
527,Chase Daniel,CHI,/qb,0,0,0,,0,0,0.0,0.0,0.0%,,6,6,0,2,1.0,2.0,2.0,6,1.0,6,0,0
528,Dalton Schultz,DAL,,2,1,6,6.0,0,0,0.1,0.4,50.0%,3.0,,,,0,,,,1,6.0,6,0,0
529,Jaleel Scott,BAL,,3,1,6,6.0,0,0,0.3,2.0,33.3%,2.0,,,,0,,,,1,6.0,6,0,0
530,De'Lance Turner,MIA,,0,0,0,,0,0,0.0,0.0,0.0%,,4,6,0,0,1.5,0.8,0.5,4,1.5,6,0,0
531,Jakob Johnson,NWE,FB,2,1,5,5.0,0,0,0.3,1.3,50.0%,2.5,,,,0,,,,1,5.0,5,0,0
532,Charles Jones,JAX,,1,1,5,5.0,0,0,0.3,1.3,100.0%,5.0,,,,0,,,,1,5.0,5,0,0
533,Colin Jones,CAR,,0,0,0,,0,0,0.0,0.0,0.0%,,1,5,0,1,5.0,0.3,0.1,1,5.0,5,0,0
534,Tyrone Swoopes,SEA,,1,1,5,5.0,0,0,0.2,1.0,100.0%,5.0,,,,0,,,,1,5.0,5,0,0
535,Darrell Daniels,ARI,,3,1,4,4.0,0,1,0.1,0.4,33.3%,1.3,,,,0,,,,1,4.0,4,0,0
536,Zach Gentry,PIT,,1,1,4,4.0,0,1,0.3,1.0,100.0%,4.0,,,,0,,,,1,4.0,4,0,0
537,Erik Harris,OAK,FS,0,0,0,,0,0,0.0,0.0,0.0%,,1,4,0,1,4.0,0.3,0.1,1,4.0,4,0,0
538,Krishawn Hogan,NOR,,1,1,4,4.0,0,0,0.1,0.5,100.0%,4.0,,,,0,,,,1,4.0,4,0,0
539,Alfred Morris,ARI,,0,0,0,,0,0,0.0,0.0,0.0%,,1,4,0,1,4.0,4.0,1.0,1,4.0,4,0,0
540,Roosevelt Nix,PIT,,3,2,4,2.0,0,0,0.7,1.3,66.7%,1.3,,,,0,,,,2,2.0,4,0,0
541,Senorise Perry,BUF,,1,1,1,1.0,0,0,0.1,0.1,100.0%,1.0,3,3,0,0,1.0,0.3,0.3,4,1.0,4,0,0
542,James Develin,NWE,,0,0,0,,0,0,0.0,0.0,0.0%,,2,3,0,1,1.5,1.5,1.0,2,1.5,3,0,0
543,Cyril Grayson,TAM,,1,1,3,3.0,0,0,0.5,1.5,100.0%,3.0,,,,0,,,,1,3.0,3,0,0
544,Xavier Grimble,PIT,,3,1,3,3.0,0,0,0.3,1.0,33.3%,1.0,,,,0,,,,1,3.0,3,0,0
545,Matt Haack,MIA,,0,0,0,,0,0,0.0,0.0,0.0%,,1,2,0,1,2.0,0.1,0.1,1,2.0,2,0,0
546,Brian Hoyer,IND,/qb,0,0,0,,0,0,0.0,0.0,0.0%,,8,2,0,0,0.3,0.5,2.0,8,0.3,2,0,2
547,Dion Dawkins,BUF,LT,1,1,1,1.0,1,1,0.1,0.1,100.0%,1.0,,,,0,,,,1,1.0,1,1,0
548,Dennis Kelly,TEN,,1,1,1,1.0,1,1,0.1,0.1,100.0%,1.0,,,,0,,,,1,1.0,1,1,0
549,Trace McSorley,BAL,,0,0,0,,0,0,0.0,0.0,0.0%,,1,1,0,1,1.0,1.0,1.0,1,1.0,1,0,0
550,David Quessenberry,TEN,,1,1,1,1.0,1,1,0.3,0.3,100.0%,1.0,,,,0,,,,1,1.0,1,1,0
551,Jason Sanders,MIA,,1,1,1,1.0,1,1,0.1,0.1,100.0%,1.0,,,,0,,,,1,1.0,1,1,0
552,Darrius Shepherd,GNB,,2,1,1,1.0,0,0,0.2,0.2,50.0%,0.5,,,,0,,,,1,1.0,1,0,1
553,Eric Tomlinson,3TM,,1,1,1,1.0,0,0,0.1,0.1,100.0%,1.0,,,,0,,,,1,1.0,1,0,0
554,Vita Vea,TAM,NT,1,1,1,1.0,1,1,0.1,0.1,100.0%,1.0,,,,0,,,,1,1.0,1,1,0
555,Christian Wilkins,MIA,RDE,1,1,1,1.0,1,1,0.1,0.1,100.0%,1.0,,,,0,,,,1,1.0,1,1,1
